PLAYER	COMPTE
SkewMond	Little Dark Âge
Vetheo	Vetheø
Zongo Le Dozo	Zongoat
Eika	AEG Craqueboule
Nisqy	ROAD TO PRANK 1
Nuc	bds goblin
Wao	WAO NUMERO 1
Hans sama	ADCADCSAMA
Adam	Shid?? Ry?sei
Joinze	Groinzito
Myrtus	Mytruzzz
Godzilla	ChristianJambert
Jezu	JEZUUUU
Zicssi	H?y lol
Twelve	I HATE GRAGAS
Manaty	REBEU VENERE
Strey	STREY77777777777
Trayton	traytoon
Splinter	xSTREAMEZ LUTHER
GobGG	BoG GG
Xersus	WO SHI XERSUS7
Stend	Stendinho JR 10
Hiro	Mr Beäst
Caliste	BETTER EXAKICK
Amiral	Issho Fujitøra
Wakz	PlagiaT
Boukada	lts not so bad
Walou	Walou fait le Bo
Sheo	sheøqlf
Nobreak	Nunu Malphite Yi
4ZR	4zr
Narkuss	1VS9 GOD FIDDLEE
Matiaslaclasse	click forward
Sleyer	Nightcore BoxBox
Gaethan	getán yìshì
Veignorem	Veignomou
Saken	bibi prime
Rhobalas	Professor Xavier
Bibou	Mich?katsu
Seelame	Pitchoula
Charles	RANK 1 ACC
Kamiloo	burgerfliper mid
Skilli	Skillito
Skeanz	Skeanz9930
Dye	StarDye
Chreak	Pigeon du Milieu
Sorya	Volonté Divine
Vespa	Ducky enjoyer
Tio	ti0
Bardinette	Toyota Aygo Top
Akabane	Akabane999
Karimkt	Karnagemvp
Tiky	tikss
Cabochard	xms le chauve
PeyjeyM	TDS PEYJOU DIFF
Cosmïc	Comimou
Roi demon	Roi Démon
Kameto	MAJIN KRAM
Exakick	10922
Targamas	24 era 13
